metric,benchmark,mean_diff_final_minus_bench,diff_ci95_lo,diff_ci95_hi,p_value,effect_size_rank_biserial,holm_significant,outcome,final_wins_pct_of_seeds
rmse,RandomForest,-1.997974711948227,-2.205885590724449,-1.83494755075464,0.001953125,-1.0,True,win,100.0
rmse,HistGradientBoosting,-1.507372688244971,-1.6194225692340511,-1.3840931875555949,0.001953125,-1.0,True,win,100.0
rmse,XGBoost,-1.4844061744225645,-1.6076880833022995,-1.3587435777617718,0.001953125,-1.0,True,win,100.0
rmse,ExtraTrees,-1.391252725533552,-1.5608974172511312,-1.2618852730935093,0.001953125,-1.0,True,win,100.0
rmse,LightGBM,-1.3055217519644355,-1.4145766240857187,-1.201807660410285,0.001953125,-1.0,True,win,100.0
rmse,GradientBoosting,-1.235520669129397,-1.358937761523918,-1.1332227892530606,0.001953125,-1.0,True,win,100.0
rmse,CatBoost,-0.8742673617853448,-0.9715524456018256,-0.76736959002408,0.001953125,-1.0,True,win,100.0
rmse,GRU,-0.6315260735472392,-0.7862042533774783,-0.4938165366493982,0.001953125,-1.0,True,win,100.0
rmse,Transformer,-0.5498887189777155,-0.701647709588945,-0.3844089365260265,0.001953125,-1.0,True,win,100.0
rmse,MLP,-0.4198973595792667,-0.5737255309207139,-0.2751050683211643,0.001953125,-1.0,True,win,100.0
rmse,TCN,-0.2493525833271392,-0.4234914365648318,-0.0843210703322461,0.013671875,-0.8545454545454545,True,win,90.0
effloss,RandomForest,-5.323938252923471,-5.96223564209042,-4.736649078782954,0.001953125,-1.0,True,win,100.0
effloss,ExtraTrees,-4.87644894061654,-5.480446352875892,-4.326928135931174,0.001953125,-1.0,True,win,100.0
effloss,MLP,-3.6528300206981577,-5.194376430454373,-2.145525748197452,0.00390625,-0.9636363636363636,True,win,90.0
effloss,GradientBoosting,-3.028120416088817,-3.564964398115581,-2.584334617353711,0.001953125,-1.0,True,win,100.0
effloss,HistGradientBoosting,-2.2042660788218464,-2.889822361067114,-1.5919451662592188,0.001953125,-1.0,True,win,100.0
effloss,XGBoost,-1.604400987913559,-2.251826144925049,-1.0481352725803204,0.001953125,-1.0,True,win,100.0
effloss,LightGBM,-1.497241958693217,-2.114057476727048,-0.946575352526318,0.001953125,-1.0,True,win,100.0
effloss,CatBoost,-1.1327285698796143,-1.6899239761911284,-0.6894565426893654,0.001953125,-1.0,True,win,100.0
effloss,GRU,-0.8068637366502924,-2.3463899472763377,0.4754663627797578,0.375,-0.3454545454545454,False,"tie (practically ahead, not significant)",70.0
effloss,TCN,0.876502879109859,-0.2627719788265617,2.1103139058635083,0.275390625,0.4181818181818181,False,"tie (practically behind, not significant)",40.0
effloss,Transformer,4.4259522443598,1.432522928510217,7.316540549113907,0.037109375,0.7454545454545455,False,"tie (practically behind, not significant)",20.0
