model,seed,attack,rmse,mae,r2,mape
CatBoost-alone,0,overall,6.839972688269928,3.845443553674171,0.9339596863125793,6.754674617905391
CatBoost-alone,0,clean,5.333377130662969,2.8826461308145337,0.9599822180773884,4.956620099016114
CatBoost-alone,0,FDI,12.63223820478301,9.415390148093032,0.7955465200963586,17.659563040841334
CatBoost-alone,0,replay,10.558206433974267,6.716201592417118,0.7607199015530093,12.007098416193069
CatBoost-alone,0,byzantine,9.454643888843076,6.958307994828014,0.8932739200509172,12.174016623353094
CatBoost+Gate,0,overall,6.466358696184802,3.4893439492527913,0.9409771772389479,5.949110668608708
CatBoost+Gate,0,clean,5.333377130662969,2.8826461308145337,0.9599822180773884,4.956620099016114
CatBoost+Gate,0,FDI,10.10465353408267,5.639552094640602,0.8691792158289343,9.00204546349139
CatBoost+Gate,0,replay,10.169131715707143,6.328109215641984,0.7780301310139482,11.19575125684144
CatBoost+Gate,0,byzantine,8.963967843877885,5.7807443587348795,0.9040641811993708,9.559422120604417
TCN-alone,0,overall,6.693768331291471,3.9761842908440324,0.9367527354031676,7.0977985595534605
TCN-alone,0,clean,5.682665698606761,3.312274787814118,0.954568963997863,5.87541202495116
TCN-alone,0,FDI,10.01279258931551,6.62468007908311,0.8715469756597481,11.857131286238392
TCN-alone,0,replay,9.837902314818457,6.566429199396177,0.7922546592098882,12.441554477705221
TCN-alone,0,byzantine,9.356570226155773,6.704357630411784,0.8954765900077171,11.663348329944387
TCN+Gate,0,overall,6.720310041533943,3.774805480478494,0.936250172838532,6.558252104051814
TCN+Gate,0,clean,5.682665698606761,3.312274787814118,0.954568963997863,5.87541202495116
TCN+Gate,0,FDI,10.90261968679387,5.434103544887405,0.8477015021714087,8.227502692971754
TCN+Gate,0,replay,9.38777848106408,5.83166372505884,0.8108301380200824,10.554594958812844
TCN+Gate,0,byzantine,9.106521381146134,5.609017483461754,0.9009885934998898,9.086739609578686
CatBoost-alone,1,overall,6.990534804345623,3.9267008727178525,0.931020316575723,7.006655057346839
CatBoost-alone,1,clean,5.3052139249571395,2.908558111031535,0.9614773547311183,4.9425700250005455
CatBoost-alone,1,FDI,13.909950723893864,10.28006123060349,0.7514852691674306,19.35345633403688
CatBoost-alone,1,replay,11.019173650356898,7.028391733734265,0.7218992785811323,13.440616943698004
CatBoost-alone,1,byzantine,8.964440763869643,6.689362794051622,0.8682486116441546,12.994912282461147
CatBoost+Gate,1,overall,6.75632845513841,3.558367789658491,0.9355649898815797,6.119366186839905
CatBoost+Gate,1,clean,5.3052139249571395,2.908558111031535,0.9614773547311183,4.9425700250005455
CatBoost+Gate,1,FDI,11.37497355502128,6.462807262870814,0.8338112025832827,10.734221368389603
CatBoost+Gate,1,replay,10.410776739312142,5.919032739520833,0.7517608203766482,11.229941201030403
CatBoost+Gate,1,byzantine,10.449965537634503,6.090979510107296,0.8209647639402763,10.515489933172017
TCN-alone,1,overall,6.983305673108607,4.141986046428828,0.931162910914066,7.308621684719117
TCN-alone,1,clean,6.136027889547535,3.5388753724406246,0.9484670564916469,6.089973880338523
TCN-alone,1,FDI,11.507609327012391,7.701175033510192,0.8299129796922037,13.269032213790858
TCN-alone,1,replay,9.355705176020557,6.284130980321603,0.7995264336980804,12.345573658913368
TCN-alone,1,byzantine,7.72877874968875,5.677980213313139,0.9020666643955171,10.935032834020255
TCN+Gate,1,overall,6.834485047306071,3.9109767061137006,0.9340656107570235,6.767727928013646
TCN+Gate,1,clean,6.136027889547535,3.5388753724406246,0.9484670564916469,6.089973880338523
TCN+Gate,1,FDI,9.75572276461972,5.570097879652894,0.8777581668047665,8.933381588525464
TCN+Gate,1,replay,9.640358383007138,5.614990728999538,0.7871417831650384,10.476998115605955
TCN+Gate,1,byzantine,7.793079774977066,5.013057513765589,0.9004303361940116,9.02585265201101
CatBoost-alone,2,overall,7.104568023736243,3.8975904068432983,0.9287514966571492,6.815700951486417
CatBoost-alone,2,clean,4.913511648940422,2.7930303111245425,0.9651651554692456,4.837172703338507
CatBoost-alone,2,FDI,15.106549895925497,10.840456198834664,0.6694957415252487,19.738118620336806
CatBoost-alone,2,replay,11.304984808798993,6.5312759793931425,0.7836194137254555,11.220107103063668
CatBoost-alone,2,byzantine,10.554696115089776,7.5757601909271575,0.890082896511756,13.231216108833694
CatBoost+Gate,2,overall,6.519166833028446,3.5097545646091928,0.9400092097570042,6.013195445222402
CatBoost+Gate,2,clean,4.913511648940422,2.7930303111245425,0.9651651554692456,4.837172703338507
CatBoost+Gate,2,FDI,12.371758408074907,7.071256541052868,0.7783287644306769,11.776600545246813
CatBoost+Gate,2,replay,10.467578399403036,6.035729257367752,0.8144885279379956,10.177590510227418
CatBoost+Gate,2,byzantine,9.227745044493382,6.022968937222764,0.9159834234367824,10.197668182799703
TCN-alone,2,overall,6.813036709440516,4.016476073371039,0.9344787988805209,7.048311809519263
TCN-alone,2,clean,5.634024013518592,3.3157109860117124,0.9541998095410593,5.814932565240188
TCN-alone,2,FDI,11.795998407390812,7.801203349209571,0.7984810502054984,13.83407454349937
TCN-alone,2,replay,8.924358722723133,5.915146322324295,0.8651557709474123,10.459067107522731
TCN-alone,2,byzantine,9.826777803781878,6.742259596891182,0.9047212435754693,11.652344708884566
TCN+Gate,2,overall,6.571794889550855,3.7935009858444433,0.9390367105010751,6.577018173433899
TCN+Gate,2,clean,5.634024013518592,3.3157109860117124,0.9541998095410593,5.814932565240188
TCN+Gate,2,FDI,10.952076697413803,6.118999425571998,0.8262841547962972,10.08501430635847
TCN+Gate,2,replay,8.154712824988641,5.16671256990555,0.8874110756023165,8.960201900603783
TCN+Gate,2,byzantine,8.970689872689992,5.828270960048556,0.9205990875115697,9.830865611663967
