model,seed,mode,train_time_s,infer_time_s,n_params,rmse,mae,r2,mape,eff_loss_mean_pct,eff_loss_median_pct,eff_loss_p95_pct,eff_loss_std_pct
LinearRegression,0,screen,0.01187586784362793,0.0003249645233154297,,5.688451118054137,3.1234393487331675,0.9543239590979142,5.555110216804801,4.279993155528795,1.670315985126644,48.52502944075353,28.367600081056278
Ridge,0,screen,0.009252548217773438,0.00020360946655273438,,5.67584672565252,3.1021601584865253,0.954526151538731,5.51138783995153,4.317388220984153,1.8658693975299667,48.88016340587929,27.9814158742389
kNN,0,screen,0.0016617774963378906,1.770301103591919,,9.730180942593364,5.4780329032652055,0.8663582280664216,9.150133959883341,9.18449942851115,-1.2578217175593491,88.00221921383782,57.87977621480735
SVR,0,screen,8.731453657150269,2.9625611305236816,,7.306393160229611,3.5023359605651097,0.9246459726546246,5.951304790512627,9.615284065321855,2.4276620950780554,53.71870216228652,55.692685566698
RandomForest,0,screen,4.9549713134765625,0.10268664360046387,,5.618362552542293,3.0215684360218344,0.955442592541057,5.140842760123652,6.11228658756892,2.971646548912169,47.70883435121286,25.582417270907243
ExtraTrees,0,screen,1.017249584197998,0.09219670295715332,,5.3105761727806655,2.844689458829505,0.9601907791701311,4.846840037142275,5.895106539723581,3.1300553352305056,45.58460495838292,23.990030282546186
GradientBoosting,0,screen,36.50753974914551,0.01452946662902832,,5.418079582360415,3.010929884550483,0.9585627284101857,5.184824606775948,5.413421821771072,2.234126404403727,49.340563535961046,25.36690718660894
HistGradientBoosting,0,screen,2.8314170837402344,0.03357267379760742,,5.2387246744245335,2.785226817856464,0.9612607203407438,4.676086494313076,4.853393840601298,1.7102193900681963,43.80177067102743,22.6887090976326
XGBoost,0,screen,0.7586367130279541,0.0028362274169921875,,5.092434084016389,2.739870605784177,0.9633940885559646,4.650884374396936,5.461431152679992,2.297914099139401,44.02285781845083,23.072843267306144
LightGBM,0,screen,2.2277932167053223,0.008647441864013672,,5.184361458756641,2.785061173545188,0.9620605580156325,4.650590807126594,5.125372598231052,2.4371869276044027,43.29280332540617,22.314488099603228
CatBoost,0,screen,3.6668179035186768,0.0051727294921875,,4.996261436064206,2.7238772277362973,0.9647636672180984,4.680130057423736,4.91951460798791,1.9918398354920486,43.580014810445746,22.64385636951655
MLP,0,screen,6.534187316894531,0.0012974739074707031,12545.0,5.451999975660308,3.0491551761479343,0.9580422604566373,5.278211387991068,8.080142478254043,4.407588532755476,51.5254474228103,27.073288805965415
GRU,0,screen,11.008455038070679,0.002591371536254883,6913.0,5.233825556180594,2.946383016029378,0.9613331423827458,5.13600827387954,7.492404455739251,3.5937415865347777,48.7478039267922,28.311808118002375
TCN,0,screen,7.979340553283691,0.002131223678588867,3329.0,5.387577671192513,3.0348710070075295,0.9590279701082286,5.271363801727555,3.4641135622466472,0.1437153960361871,46.78824406701182,28.573433093635042
Transformer,0,screen,9.239855527877808,0.0014367103576660156,4705.0,6.577443130699131,3.9446546997740595,0.9389318735916709,6.828071677135479,13.0020149202934,7.2071807539713735,71.52842993956014,34.340238370750484
