candidate,seed,rmse,mae,r2,mape,feasibility_violation_pct_before_projection,feasibility_violation_pct_after_projection
Baseline-attack-agnostic-GBM,0,6.916069228382341,3.902476937575367,0.9324820798092205,6.8009147777977095,16.18040024039264,7.785479233501402e-15
D_QR-GBM,0,6.916069228382341,3.902476937575367,0.9324820798092205,6.8009147777977095,,
B_GBM+Res-GRU,0,6.875240860571721,3.8681409033901817,0.9332768982490796,6.740892324989757,,
A_ACFP-QR (proposed),0,6.742275796276655,3.590493105643374,0.935832751152573,6.03059748752196,13.98517017500841,7.592246769051666e-15
A_ACFP-QR__on_clean,0,5.429161329687321,2.9160219549871584,0.9585319208629576,4.925654613316052,,
Baseline__on_clean,0,5.429161329687321,2.9160219549871584,0.9585319208629576,4.925654613316052,,
A_ACFP-QR__on_FDI,0,10.329066215461228,5.71183477294287,0.8633039337633703,8.949949507543158,,
Baseline__on_FDI,0,12.567823972052631,9.637919012370153,0.7976262998410046,18.30451736861928,,
A_ACFP-QR__on_replay,0,10.9573528911319,6.737128839615025,0.7422862573801698,11.807279869260816,,
Baseline__on_replay,0,10.72848127045754,6.806827033727414,0.7529398076077647,12.143610692515365,,
A_ACFP-QR__on_byzantine,0,10.0703296622516,6.416169512246816,0.8789213465557265,10.593877576232796,,
Baseline__on_byzantine,0,9.524714215572631,7.100144557687035,0.8916861197883282,12.45773824603836,,
Baseline-attack-agnostic-GBM,1,7.172867825271236,4.026436060169423,0.9273750161947284,7.133888342541588,17.368017199282153,7.576766653137283e-15
D_QR-GBM,1,7.172867825271236,4.026436060169423,0.9273750161947284,7.133888342541588,,
B_GBM+Res-GRU,1,7.113426927497615,3.971069538828194,0.9285737019894758,7.010611381091564,,
A_ACFP-QR (proposed),1,6.900355128414052,3.6348843956429695,0.9327885481150751,6.172712945249109,14.471770504531575,7.368466460714204e-15
A_ACFP-QR__on_clean,1,5.449349362739704,2.9955538557884616,0.9593557041972871,5.037245741547038,,
Baseline__on_clean,1,5.449349362739704,2.9955538557884616,0.9593557041972871,5.037245741547038,,
A_ACFP-QR__on_FDI,1,11.55272277987678,6.325476485074538,0.828576776270556,10.11345324824362,,
Baseline__on_FDI,1,14.364589151682107,10.586115646753347,0.7349746773307986,19.857973215630146,,
A_ACFP-QR__on_replay,1,10.182419414406557,5.982651757137335,0.7625314914780218,11.337342043700072,,
Baseline__on_replay,1,11.030631488296859,7.019475933001341,0.7213206345304426,13.45252187531937,,
A_ACFP-QR__on_byzantine,1,10.987790632678845,6.268491422971125,0.8020618313131299,10.692949988228493,,
Baseline__on_byzantine,1,9.348226480388714,6.8443030533251195,0.8567260455429845,13.250881148609823,,
Baseline-attack-agnostic-GBM,2,7.11829333262888,3.9049920382473338,0.9284759408956197,6.8410678201919355,16.582810191144446,7.442078404630349e-15
D_QR-GBM,2,7.11829333262888,3.9049920382473338,0.9284759408956197,6.8410678201919355,,
B_GBM+Res-GRU,2,7.107578963718206,3.902678552422819,0.9286910931463779,6.849293673821058,,
A_ACFP-QR (proposed),2,6.50507987345896,3.4793344818972973,0.9402681921709011,5.9534042790001855,14.159564858650167,7.459230765519526e-15
A_ACFP-QR__on_clean,2,4.8444600727203655,2.770985789188024,0.966137372105527,4.807502895374747,,
Baseline__on_clean,2,4.8444600727203655,2.770985789188024,0.966137372105527,4.807502895374747,,
A_ACFP-QR__on_FDI,2,11.879461390475575,6.5042624910760205,0.7956192533260218,10.470959036926144,,
Baseline__on_FDI,2,15.14409456958397,10.915234434563686,0.6678508796074507,19.906959877996456,,
A_ACFP-QR__on_replay,2,10.734572251499651,6.18638744057723,0.8049042476877848,10.488749740650045,,
Baseline__on_replay,2,11.60457494996737,6.666216759329628,0.7719989733075335,11.426275212293419,,
A_ACFP-QR__on_byzantine,2,9.83680828808636,6.247537826549918,0.9045266365859521,10.651320662929635,,
Baseline__on_byzantine,2,10.696551719322303,7.741599909560397,0.8871084597377632,13.592747468092185,,
