config,seed,attack,rmse,mae,r2,mape
baseline,0,overall,6.618200519996426,3.5471307503887886,0.9381727065791847,6.036225597308273
baseline,0,clean,5.333377130662969,2.8826461308145337,0.9599822180773884,4.956620099016114
baseline,0,FDI,10.122060147720129,5.736860825446961,0.8687281151192008,9.161925395150085
baseline,0,replay,10.276332475801654,6.400020369892258,0.7733255481710137,11.27009489262982
baseline,0,byzantine,10.373553954233309,6.478326490718213,0.8715200535554908,10.631922483650827
baseline,1,overall,6.793549866410808,3.545184850127049,0.9348530740954561,6.054851439777807
baseline,1,clean,5.3052139249571395,2.908558111031535,0.9614773547311183,4.9425700250005455
baseline,1,FDI,11.579756008430122,6.232807368438731,0.8277735811848042,9.721981284094554
baseline,1,replay,9.93701538972609,5.677839722742793,0.7738399007630173,10.776971396071048
baseline,1,byzantine,11.032054897706873,6.364428328345782,0.8004638329785426,11.01297861649496
baseline,2,overall,6.5326163366965595,3.5026702760094968,0.9397614239080616,5.984863829371763
baseline,2,clean,4.913511648940422,2.7930303111245425,0.9651651554692456,4.837172703338507
baseline,2,FDI,12.00371738266988,6.7041552788734595,0.7913213568361936,10.80270947487518
baseline,2,replay,10.269953236783895,6.0275728670711075,0.8214272202372983,10.339090898227163
baseline,2,byzantine,10.042599855470895,6.291962260703378,0.9004901377373971,10.585084627412023
byzantine_capacity,0,overall,6.507951648934021,3.5051236128741037,0.9402154413337324,5.975893988935695
byzantine_capacity,0,clean,5.333377130662969,2.8826461308145337,0.9599822180773884,4.956620099016114
byzantine_capacity,0,FDI,10.122060147720129,5.736860825446961,0.8687281151192008,9.161925395150085
byzantine_capacity,0,replay,10.276332475801654,6.400020369892258,0.7733255481710137,11.27009489262982
byzantine_capacity,0,byzantine,9.268412473078687,5.84821942799794,0.8974369534601215,9.726948358062176
byzantine_capacity,1,overall,6.760069071090907,3.5388047657245076,0.9354936217264955,6.046697300852247
byzantine_capacity,1,clean,5.3052139249571395,2.908558111031535,0.9614773547311183,4.9425700250005455
byzantine_capacity,1,FDI,11.579756008430122,6.232807368438731,0.8277735811848042,9.721981284094554
byzantine_capacity,1,replay,9.93701538972609,5.677839722742793,0.7738399007630173,10.776971396071048
byzantine_capacity,1,byzantine,10.719115921738224,6.268727062307668,0.8116234963123863,10.890666532611561
byzantine_capacity,2,overall,6.49590386701103,3.4872517317892497,0.9404365876072034,5.957095406252733
byzantine_capacity,2,clean,4.913511648940422,2.7930303111245425,0.9651651554692456,4.837172703338507
byzantine_capacity,2,FDI,12.00371738266988,6.7041552788734595,0.7913213568361936,10.80270947487518
byzantine_capacity,2,replay,10.269953236783895,6.0275728670711075,0.8214272202372983,10.339090898227163
byzantine_capacity,2,byzantine,9.678800264584202,6.060684097399677,0.9075691678295847,10.168558280626568
label_noise_only,0,overall,6.567684977232711,3.513259029890393,0.9391129379038446,5.978812431420606
label_noise_only,0,clean,5.333377130662969,2.8826461308145337,0.9599822180773884,4.956620099016114
label_noise_only,0,FDI,10.10465353408267,5.639552094640602,0.8691792158289343,9.00204546349139
label_noise_only,0,replay,10.169131715707143,6.328109215641984,0.7780301310139482,11.19575125684144
label_noise_only,0,byzantine,10.008151032669721,6.139470568298909,0.8804119159512345,10.00494856278291
label_noise_only,1,overall,6.804090817612864,3.5707029084522697,0.9346507517943028,6.136254523713555
label_noise_only,1,clean,5.3052139249571395,2.908558111031535,0.9614773547311183,4.9425700250005455
label_noise_only,1,FDI,11.37497355502128,6.462807262870814,0.8338112025832827,10.734221368389603
label_noise_only,1,replay,10.410776739312142,5.919032739520833,0.7517608203766482,11.229941201030403
label_noise_only,1,byzantine,10.904904614296703,6.276006292013987,0.8050368473161347,10.768814986276768
label_noise_only,2,overall,6.548293614970475,3.517825761736231,0.9394719502725561,6.0286184595913745
label_noise_only,2,clean,4.913511648940422,2.7930303111245425,0.9651651554692456,4.837172703338507
label_noise_only,2,FDI,12.371758408074907,7.071256541052868,0.7783287644306769,11.776600545246813
label_noise_only,2,replay,10.467578399403036,6.035729257367752,0.8144885279379956,10.177590510227418
label_noise_only,2,byzantine,9.532076094495178,6.1440368941283445,0.9103503065163165,10.4290133983343
byzantine_capacity+label_noise,0,overall,6.466358696184802,3.4893439492527913,0.9409771772389479,5.949110668608708
byzantine_capacity+label_noise,0,clean,5.333377130662969,2.8826461308145337,0.9599822180773884,4.956620099016114
byzantine_capacity+label_noise,0,FDI,10.10465353408267,5.639552094640602,0.8691792158289343,9.00204546349139
byzantine_capacity+label_noise,0,replay,10.169131715707143,6.328109215641984,0.7780301310139482,11.19575125684144
byzantine_capacity+label_noise,0,byzantine,8.963967843877885,5.7807443587348795,0.9040641811993708,9.559422120604417
byzantine_capacity+label_noise,1,overall,6.75632845513841,3.558367789658491,0.9355649898815797,6.119366186839905
byzantine_capacity+label_noise,1,clean,5.3052139249571395,2.908558111031535,0.9614773547311183,4.9425700250005455
byzantine_capacity+label_noise,1,FDI,11.37497355502128,6.462807262870814,0.8338112025832827,10.734221368389603
byzantine_capacity+label_noise,1,replay,10.410776739312142,5.919032739520833,0.7517608203766482,11.229941201030403
byzantine_capacity+label_noise,1,byzantine,10.449965537634503,6.090979510107296,0.8209647639402763,10.515489933172017
byzantine_capacity+label_noise,2,overall,6.519166833028446,3.5097545646091928,0.9400092097570042,6.013195445222402
byzantine_capacity+label_noise,2,clean,4.913511648940422,2.7930303111245425,0.9651651554692456,4.837172703338507
byzantine_capacity+label_noise,2,FDI,12.371758408074907,7.071256541052868,0.7783287644306769,11.776600545246813
byzantine_capacity+label_noise,2,replay,10.467578399403036,6.035729257367752,0.8144885279379956,10.177590510227418
byzantine_capacity+label_noise,2,byzantine,9.227745044493382,6.022968937222764,0.9159834234367824,10.197668182799703
