regime,seed,misclassify_rate,rmse,mae,r2,mape
capacity-only,0,0.0,6.507951648934021,3.5051236128741037,0.9402154413337324,5.975893988935695
capacity-only,0,0.1,6.726801764853257,3.6388990968741717,0.9361269505104549,6.223373810416606
capacity-only,0,0.2,6.88259624281649,3.841205045885694,0.9331340562885523,6.624688089988577
capacity-only,0,0.3,7.110153706675379,3.979979585250852,0.9286394200346575,6.868293790212039
capacity-only,0,0.4,7.28581735536072,4.1453878640639585,0.9250697895944131,7.153473865095759
capacity-only,1,0.0,6.760069071090907,3.5388047657245076,0.9354936217264955,6.046697300852247
capacity-only,1,0.1,7.022138720453377,3.7326571468213876,0.9303951981556517,6.407958776363847
capacity-only,1,0.2,7.201957173877131,3.926374935492668,0.9267847648913426,6.785671400524874
capacity-only,1,0.3,7.51495214622222,4.08526983972776,0.9202826540639736,7.108258402084652
capacity-only,1,0.4,7.6834156985591475,4.322905613640259,0.9166685279919912,7.528988848948515
capacity-only,2,0.0,6.49590386701103,3.4872517317892497,0.9404365876072034,5.957095406252733
capacity-only,2,0.1,6.590599529420186,3.5846126210311042,0.938687328672562,6.1636964970835475
capacity-only,2,0.2,6.799247292118946,3.7586413841218844,0.9347437570465101,6.488972006965238
capacity-only,2,0.3,6.880878719528514,3.854551752273096,0.9331674243613106,6.718007361760627
capacity-only,2,0.4,7.191949012100933,4.067383789255499,0.9269881098345972,7.093417961217013
capacity+noise-robust,0,0.0,6.466358696184802,3.4893439492527913,0.9409771772389479,5.949110668608708
capacity+noise-robust,0,0.1,6.681739765801276,3.616452478754069,0.9369798392642763,6.168508092087125
capacity+noise-robust,0,0.2,6.788557725181489,3.774608484939102,0.9349487834576004,6.497105766940085
capacity+noise-robust,0,0.3,7.000929400300477,3.9115466121927174,0.9308150249799197,6.750601311929767
capacity+noise-robust,0,0.4,7.148586602311585,4.039835244554272,0.9278658766823314,6.973862154723435
capacity+noise-robust,1,0.0,6.75632845513841,3.558367789658491,0.9355649898815797,6.119366186839905
capacity+noise-robust,1,0.1,6.984562378655009,3.720176149616674,0.9311381330396251,6.411348588198913
capacity+noise-robust,1,0.2,7.166064693273214,3.9282393967350697,0.9275127137122349,6.849404790102233
capacity+noise-robust,1,0.3,7.507981352187997,4.075746449161321,0.9204304754901,7.095461650409255
capacity+noise-robust,1,0.4,7.623071739753822,4.27737690754003,0.9179723242489647,7.453680332643596
capacity+noise-robust,2,0.0,6.519166833028446,3.5097545646091928,0.9400092097570042,6.013195445222402
capacity+noise-robust,2,0.1,6.637470311965303,3.6184426630944526,0.9378121452637822,6.243078379611086
capacity+noise-robust,2,0.2,6.780562765383724,3.7674594175422027,0.9351019163111469,6.544144729113409
capacity+noise-robust,2,0.3,6.878280913048015,3.8577476929653134,0.9332178787672945,6.7217567039060215
capacity+noise-robust,2,0.4,7.2046498208019845,4.043891890525888,0.9267300076561931,7.044833610449142
