sweep,value,seed,model,rmse,mae,r2,mape
attack_strength,0.5,0,ACFP-QR,5.829172053263774,2.843287662087927,0.9508890595313226,5.641539854934069
attack_strength,0.5,0,Baseline,6.192096888381306,3.0332199058197875,0.9445833856757253,6.011316080579275
attack_strength,1.0,0,ACFP-QR,6.171382708866892,2.97990515362063,0.9449535315856318,5.9053027883719365
attack_strength,1.0,0,Baseline,7.012614337569821,3.4811675968499625,0.9289237652134966,6.982085072268697
attack_strength,1.5,0,ACFP-QR,6.6483880747866255,3.155649005357041,0.9361152460650047,6.230012232278388
attack_strength,1.5,0,Baseline,7.9571578706189925,3.8843470731988257,0.9084874932573206,7.854002991143422
attack_strength,2.0,0,ACFP-QR,7.219404450383224,3.358414954363617,0.9246701247244749,6.588232239941807
attack_strength,2.0,0,Baseline,8.91770828683331,4.245716698406709,0.8850600440945225,8.627175998843827
attack_strength,3.0,0,ACFP-QR,8.2190864312516,3.6993045688865265,0.9023636360386856,7.260865517332409
attack_strength,3.0,0,Baseline,10.491551213914638,4.812169339666833,0.8409096224097525,9.885468980889497
contamination_fraction,0.1,0,ACFP-QR,6.066217857105805,2.830035289626942,0.9468136105889988,5.564087116090207
contamination_fraction,0.1,0,Baseline,6.4614166565211635,3.0638958848947033,0.9396579588780566,6.087679634453149
contamination_fraction,0.2,0,ACFP-QR,6.443859050111506,3.021705542767661,0.9399854481660934,5.994141646251522
contamination_fraction,0.2,0,Baseline,7.252737470389918,3.5458351991347254,0.9239729012857729,7.171591941531803
contamination_fraction,0.3,0,ACFP-QR,7.044486246974564,3.362674688392253,0.9282762226244214,6.617766663170322
contamination_fraction,0.3,0,Baseline,8.167372081351493,4.068843132274257,0.9035884233402768,8.21729151704848
contamination_fraction,0.4,0,ACFP-QR,7.3858997439793885,3.6530051471430642,0.921155515285628,7.250598131675931
contamination_fraction,0.4,0,Baseline,8.728851596302825,4.6104519670790856,0.8898768254359984,9.392865175685298
feature_noise_sigma,0.0,0,ACFP-QR,5.048629700548902,2.487527146682275,0.9631606856593482,4.870472428838888
feature_noise_sigma,0.0,0,Baseline,5.048629700548902,2.487527146682275,0.9631606856593482,4.870472428838888
feature_noise_sigma,0.1,0,ACFP-QR,5.094388795721224,2.5097840533203977,0.9624898607998087,4.9183876113723874
feature_noise_sigma,0.1,0,Baseline,5.094388795721224,2.5097840533203977,0.9624898607998087,4.9183876113723874
feature_noise_sigma,0.25,0,ACFP-QR,5.212024067741305,2.60441761956948,0.9607375562055559,5.113239563472641
feature_noise_sigma,0.25,0,Baseline,5.212024067741305,2.60441761956948,0.9607375562055559,5.113239563472641
feature_noise_sigma,0.5,0,ACFP-QR,5.4961996881665005,2.7762005790794926,0.956339419167872,5.479788361979248
feature_noise_sigma,0.5,0,Baseline,5.4961996881665005,2.7762005790794926,0.956339419167872,5.479788361979248
feature_noise_sigma,1.0,0,ACFP-QR,6.058096589326524,3.2159541468453163,0.9469559239005605,6.651122579337536
feature_noise_sigma,1.0,0,Baseline,6.058096589326524,3.2159541468453163,0.9469559239005605,6.651122579337536
missing_data_frac,0.0,0,ACFP-QR,5.048629700548902,2.487527146682275,0.9631606856593482,4.870472428838888
missing_data_frac,0.0,0,Baseline,5.048629700548902,2.487527146682275,0.9631606856593482,4.870472428838888
missing_data_frac,0.1,0,ACFP-QR,9.227637155982423,3.7148874593341414,0.8769318928742669,7.655783445759874
missing_data_frac,0.1,0,Baseline,9.227637155982423,3.7148874593341414,0.8769318928742669,7.655783445759874
missing_data_frac,0.25,0,ACFP-QR,13.601852072016497,5.433704798762833,0.7326004959943344,11.557385478287191
missing_data_frac,0.25,0,Baseline,13.601852072016497,5.433704798762833,0.7326004959943344,11.557385478287191
missing_data_frac,0.5,0,ACFP-QR,17.817404248732263,8.11664014900091,0.541168347756418,17.884794028866292
missing_data_frac,0.5,0,Baseline,17.817404248732263,8.11664014900091,0.541168347756418,17.884794028866292
gate_misclassification_rate,0.0,0,ACFP-QR,6.171382708866892,2.97990515362063,0.9449535315856318,5.9053027883719365
gate_misclassification_rate,0.0,0,Baseline,7.012614337569821,3.4811675968499625,0.9289237652134966,6.982085072268697
gate_misclassification_rate,0.1,0,ACFP-QR,6.343097625271418,3.1164761993754992,0.9418476467691135,6.198648738436283
gate_misclassification_rate,0.1,0,Baseline,7.012614337569821,3.4811675968499625,0.9289237652134966,6.982085072268697
gate_misclassification_rate,0.2,0,ACFP-QR,6.4738729517964915,3.2293882956407716,0.9394250802929155,6.481436886553138
gate_misclassification_rate,0.2,0,Baseline,7.012614337569821,3.4811675968499625,0.9289237652134966,6.982085072268697
gate_misclassification_rate,0.3,0,ACFP-QR,6.565623980724418,3.3627181710545444,0.9376959159057205,6.79143491199935
gate_misclassification_rate,0.3,0,Baseline,7.012614337569821,3.4811675968499625,0.9289237652134966,6.982085072268697
gate_misclassification_rate,0.4,0,ACFP-QR,6.650419451502838,3.4982577598025855,0.9360762008630538,7.169461794990123
gate_misclassification_rate,0.4,0,Baseline,7.012614337569821,3.4811675968499625,0.9289237652134966,6.982085072268697
unknown_attack_shape,1.0,0,ACFP-QR,5.632453432751635,2.90620279088369,0.9541478481174426,5.810637294450973
unknown_attack_shape,1.0,0,Baseline,5.679815447528727,2.9320994894024657,0.9533734854789285,5.7869386257180935
attack_strength,0.5,1,ACFP-QR,6.309297887512878,2.927939161827249,0.9424657351689266,5.764052141841963
attack_strength,0.5,1,Baseline,6.332110698631294,3.071766099784086,0.9420489245489435,6.0768684038599075
attack_strength,1.0,1,ACFP-QR,6.466403648584854,3.015663010345907,0.9395647776378127,5.9649537173976395
attack_strength,1.0,1,Baseline,7.079844523565442,3.525285095239305,0.9275544116662763,7.126070692426991
attack_strength,1.5,1,ACFP-QR,6.92816733924191,3.1851015378624927,0.9306252804630135,6.327709819843965
attack_strength,1.5,1,Baseline,8.132914128011075,3.9664602162760825,0.904400223647491,8.116689776608824
attack_strength,2.0,1,ACFP-QR,7.247822309665666,3.3629193016402277,0.9240759130901584,6.710687146197265
attack_strength,2.0,1,Baseline,8.91315088148218,4.31713720221422,0.8851774944756757,8.939067955271405
attack_strength,3.0,1,ACFP-QR,8.184972806945762,3.7262811068463866,0.9031724407900705,7.476607906946212
attack_strength,3.0,1,Baseline,10.522256873364682,4.912876246974695,0.8399770389827796,10.326498989983888
contamination_fraction,0.1,1,ACFP-QR,5.766411164935895,2.753034345561408,0.9519408910530248,5.437257702135625
contamination_fraction,0.1,1,Baseline,6.063105761155146,3.014139052517985,0.9468681680391657,6.018942939154315
contamination_fraction,0.2,1,ACFP-QR,6.118037922718372,3.022649344008317,0.945901050504718,6.041983857418804
contamination_fraction,0.2,1,Baseline,7.0518758297368676,3.5578900711439405,0.9281256689128161,7.203808719441556
contamination_fraction,0.3,1,ACFP-QR,6.618656701209369,3.291735049301814,0.9366853495180338,6.609890180177063
contamination_fraction,0.3,1,Baseline,8.171693973012117,4.1398357939942505,0.9034863609800834,8.472642783988055
contamination_fraction,0.4,1,ACFP-QR,7.3730324732884,3.6107623554097574,0.9214299922350506,7.208968055590087
contamination_fraction,0.4,1,Baseline,8.768617909341986,4.61711478132103,0.8888711564085696,9.470510425688751
feature_noise_sigma,0.0,1,ACFP-QR,4.982769346230123,2.4761763713997826,0.964115568463318,4.868458920478121
feature_noise_sigma,0.0,1,Baseline,4.982769346230123,2.4761763713997826,0.964115568463318,4.868458920478121
feature_noise_sigma,0.1,1,ACFP-QR,5.008528929128995,2.495045094029232,0.963743583612321,4.9008441762649335
feature_noise_sigma,0.1,1,Baseline,5.008528929128995,2.495045094029232,0.963743583612321,4.9008441762649335
feature_noise_sigma,0.25,1,ACFP-QR,5.186945671963612,2.5942380183450258,0.9611144808806141,5.0911563214595565
feature_noise_sigma,0.25,1,Baseline,5.186945671963612,2.5942380183450258,0.9611144808806141,5.0911563214595565
feature_noise_sigma,0.5,1,ACFP-QR,5.499738464945586,2.7685948613116658,0.9562831785659651,5.478582581254538
feature_noise_sigma,0.5,1,Baseline,5.499738464945586,2.7685948613116658,0.9562831785659651,5.478582581254538
feature_noise_sigma,1.0,1,ACFP-QR,6.0780080736633515,3.1890635180596,0.9466066650242634,6.531221826762907
feature_noise_sigma,1.0,1,Baseline,6.0780080736633515,3.1890635180596,0.9466066650242634,6.531221826762907
missing_data_frac,0.0,1,ACFP-QR,4.982769346230123,2.4761763713997826,0.964115568463318,4.868458920478121
missing_data_frac,0.0,1,Baseline,4.982769346230123,2.4761763713997826,0.964115568463318,4.868458920478121
missing_data_frac,0.1,1,ACFP-QR,9.832448403052627,3.6689897791063935,0.8602705804846973,7.561314908653056
missing_data_frac,0.1,1,Baseline,9.832448403052627,3.6689897791063935,0.8602705804846973,7.561314908653056
missing_data_frac,0.25,1,ACFP-QR,11.907316261857279,5.191773192189221,0.7950762567981351,11.365286985966474
missing_data_frac,0.25,1,Baseline,11.907316261857279,5.191773192189221,0.7950762567981351,11.365286985966474
missing_data_frac,0.5,1,ACFP-QR,18.027929643942507,8.212890245566815,0.5302614404030712,18.339718155538634
missing_data_frac,0.5,1,Baseline,18.027929643942507,8.212890245566815,0.5302614404030712,18.339718155538634
gate_misclassification_rate,0.0,1,ACFP-QR,6.466403648584854,3.015663010345907,0.9395647776378127,5.9649537173976395
gate_misclassification_rate,0.0,1,Baseline,7.079844523565442,3.525285095239305,0.9275544116662763,7.126070692426991
gate_misclassification_rate,0.1,1,ACFP-QR,6.691156339294575,3.165837070751124,0.9352906768292891,6.286548514215798
gate_misclassification_rate,0.1,1,Baseline,7.079844523565442,3.525285095239305,0.9275544116662763,7.126070692426991
gate_misclassification_rate,0.2,1,ACFP-QR,6.785271971500974,3.3276089505427655,0.9334575138758976,6.7210990141491385
gate_misclassification_rate,0.2,1,Baseline,7.079844523565442,3.525285095239305,0.9275544116662763,7.126070692426991
gate_misclassification_rate,0.3,1,ACFP-QR,6.867523982110533,3.4649144195312704,0.9318344611621576,7.086655216979675
gate_misclassification_rate,0.3,1,Baseline,7.079844523565442,3.525285095239305,0.9275544116662763,7.126070692426991
gate_misclassification_rate,0.4,1,ACFP-QR,7.054728897242711,3.6183301770027767,0.9280674989149822,7.510889826353016
gate_misclassification_rate,0.4,1,Baseline,7.079844523565442,3.525285095239305,0.9275544116662763,7.126070692426991
unknown_attack_shape,1.0,1,ACFP-QR,5.6039967292403325,2.9058059781757413,0.9546099930779175,5.879647469723831
unknown_attack_shape,1.0,1,Baseline,5.650873753812285,2.9506724361650996,0.9538474488425985,5.857488003279908
attack_strength,0.5,2,ACFP-QR,6.273914499646998,2.975461745621289,0.9431092453802699,5.8846169415431495
attack_strength,0.5,2,Baseline,6.658231537137373,3.1831348670536794,0.9359259331994028,6.267666494869537
attack_strength,1.0,2,ACFP-QR,6.748967594863294,3.1701614957492215,0.9341676757392319,6.23490043916794
attack_strength,1.0,2,Baseline,7.646379991600324,3.6793328663978557,0.9154961966359249,7.368031387638705
attack_strength,1.5,2,ACFP-QR,7.288767091575167,3.3790260929121225,0.9232156612931939,6.632941771789831
attack_strength,1.5,2,Baseline,8.629050405146932,4.117014709557207,0.8923806128936056,8.362510118733987
attack_strength,2.0,2,ACFP-QR,7.823223324792146,3.5854254303438013,0.9115422357204994,7.03586870834601
attack_strength,2.0,2,Baseline,9.685713924896989,4.513206638131592,0.8644099633745559,9.265348657193869
attack_strength,3.0,2,ACFP-QR,8.808221392622338,3.988232027473156,0.8878650621506613,7.917426990791091
attack_strength,3.0,2,Baseline,11.28901836428481,5.124054238967169,0.8158054136442466,10.708790733495398
contamination_fraction,0.1,2,ACFP-QR,5.7170395641684015,2.801598471108421,0.952760325322461,5.520949859511689
contamination_fraction,0.1,2,Baseline,6.1691425374276765,3.0341165528946505,0.944993487346338,6.071922793284915
contamination_fraction,0.2,2,ACFP-QR,6.334210616435031,3.0779702755755873,0.9420104815465014,6.068346780916626
contamination_fraction,0.2,2,Baseline,6.936052724690966,3.546111290503425,0.9304672710815354,7.15896877068362
contamination_fraction,0.3,2,ACFP-QR,6.9217117202982275,3.3993505844651204,0.9307545060076075,6.633001063031989
contamination_fraction,0.3,2,Baseline,7.874922164231784,4.099626062736183,0.9103692475118956,8.26390241585638
contamination_fraction,0.4,2,ACFP-QR,7.275695110427588,3.6234364519017905,0.923490830839846,7.248381633983275
contamination_fraction,0.4,2,Baseline,8.591653303838358,4.556074368588638,0.8933114063856106,9.321544699674934
feature_noise_sigma,0.0,2,ACFP-QR,5.132732137913545,2.511953443907361,0.9619230894879625,4.895613586651325
feature_noise_sigma,0.0,2,Baseline,5.132732137913545,2.511953443907361,0.9619230894879625,4.895613586651325
feature_noise_sigma,0.1,2,ACFP-QR,5.167474515163255,2.5318866225742114,0.9614058758445193,4.9365894996615385
feature_noise_sigma,0.1,2,Baseline,5.167474515163255,2.5318866225742114,0.9614058758445193,4.9365894996615385
feature_noise_sigma,0.25,2,ACFP-QR,5.225137242528172,2.5954842745719264,0.9605397432424655,5.071436070927121
feature_noise_sigma,0.25,2,Baseline,5.225137242528172,2.5954842745719264,0.9605397432424655,5.071436070927121
feature_noise_sigma,0.5,2,ACFP-QR,5.431088116559182,2.771078415994234,0.9573677552215928,5.494759105348676
feature_noise_sigma,0.5,2,Baseline,5.431088116559182,2.771078415994234,0.9573677552215928,5.494759105348676
feature_noise_sigma,1.0,2,ACFP-QR,6.07095319181916,3.178946407237855,0.9467305427987969,6.487014149518047
feature_noise_sigma,1.0,2,Baseline,6.07095319181916,3.178946407237855,0.9467305427987969,6.487014149518047
missing_data_frac,0.0,2,ACFP-QR,5.132732137913545,2.511953443907361,0.9619230894879625,4.895613586651325
missing_data_frac,0.0,2,Baseline,5.132732137913545,2.511953443907361,0.9619230894879625,4.895613586651325
missing_data_frac,0.1,2,ACFP-QR,10.194828967293677,3.804487786157283,0.8497811644171358,7.707185907212162
missing_data_frac,0.1,2,Baseline,10.194828967293677,3.804487786157283,0.8497811644171358,7.707185907212162
missing_data_frac,0.25,2,ACFP-QR,12.761749688850491,5.331801981350277,0.7646116596796966,11.511243950839562
missing_data_frac,0.25,2,Baseline,12.761749688850491,5.331801981350277,0.7646116596796966,11.511243950839562
missing_data_frac,0.5,2,ACFP-QR,17.85177487656471,8.13607183038688,0.5393964237881208,18.216102253278983
missing_data_frac,0.5,2,Baseline,17.85177487656471,8.13607183038688,0.5393964237881208,18.216102253278983
gate_misclassification_rate,0.0,2,ACFP-QR,6.748967594863294,3.1701614957492215,0.9341676757392319,6.23490043916794
gate_misclassification_rate,0.0,2,Baseline,7.646379991600324,3.6793328663978557,0.9154961966359249,7.368031387638705
gate_misclassification_rate,0.1,2,ACFP-QR,6.893799588558924,3.302218337556769,0.9313118514724635,6.551827212612101
gate_misclassification_rate,0.1,2,Baseline,7.646379991600324,3.6793328663978557,0.9154961966359249,7.368031387638705
gate_misclassification_rate,0.2,2,ACFP-QR,7.290497294481589,3.497915935950878,0.9231792029312931,6.944109753061882
gate_misclassification_rate,0.2,2,Baseline,7.646379991600324,3.6793328663978557,0.9154961966359249,7.368031387638705
gate_misclassification_rate,0.3,2,ACFP-QR,7.043467202585368,3.5318088698141046,0.9282969720229787,7.1451392883539455
gate_misclassification_rate,0.3,2,Baseline,7.646379991600324,3.6793328663978557,0.9154961966359249,7.368031387638705
gate_misclassification_rate,0.4,2,ACFP-QR,7.3814339787221295,3.7425764966962283,0.9212508305557181,7.594278770751864
gate_misclassification_rate,0.4,2,Baseline,7.646379991600324,3.6793328663978557,0.9154961966359249,7.368031387638705
unknown_attack_shape,1.0,2,ACFP-QR,5.845601608100681,2.9629490010652604,0.9506118304609668,5.914498886871004
unknown_attack_shape,1.0,2,Baseline,5.876581478150676,2.9398025170023794,0.9500869594407583,5.753823547301545
attack_strength,0.5,3,ACFP-QR,6.1350785073890055,2.9239129689166488,0.9455992669606551,5.7463114474945565
attack_strength,0.5,3,Baseline,6.42342612690468,3.0324578192166,0.9403654467094135,6.011043851734044
attack_strength,1.0,3,ACFP-QR,6.512910978289806,3.074900022659122,0.9386923334227086,6.050387015978076
attack_strength,1.0,3,Baseline,7.204973900762273,3.488736215993764,0.9249709708900772,7.039949352242729
attack_strength,1.5,3,ACFP-QR,6.949814266355379,3.2649371521767314,0.9301910832164518,6.409601790484505
attack_strength,1.5,3,Baseline,8.11346713174619,3.91017441608591,0.904856863356042,7.973869609105713
attack_strength,2.0,3,ACFP-QR,7.463830683964963,3.475511395346701,0.9194829118398058,6.826112458974295
attack_strength,2.0,3,Baseline,9.033621654316063,4.281627366090756,0.8820526201378103,8.788052689823225
attack_strength,3.0,3,ACFP-QR,8.789161234172434,3.8845724133486854,0.8883498358910011,7.657158385382387
attack_strength,3.0,3,Baseline,10.962515701481431,4.892275336949457,0.8263059428624688,10.120075995554924
contamination_fraction,0.1,3,ACFP-QR,5.626891289994539,2.7329077944644364,0.954238362949479,5.406655261696873
contamination_fraction,0.1,3,Baseline,6.1085570516555325,2.9900506448499664,0.9460685904112314,5.957464082467005
contamination_fraction,0.2,3,ACFP-QR,6.507145586418599,3.094399169094966,0.9388008275435953,6.207301076968157
contamination_fraction,0.2,3,Baseline,7.538619253817659,3.566453435287654,0.9178612439501375,7.16666782309917
contamination_fraction,0.3,3,ACFP-QR,7.0504447391558,3.385714093294,0.9281548379576993,6.861640520114641
contamination_fraction,0.3,3,Baseline,8.199555267766037,4.06845712385815,0.9028271148062142,8.302764032681072
contamination_fraction,0.4,3,ACFP-QR,7.559475655724312,3.716345391948862,0.917406123824159,7.544194823448345
contamination_fraction,0.4,3,Baseline,8.927823931315526,4.632090840678585,0.8847991359928644,9.502248460111625
feature_noise_sigma,0.0,3,ACFP-QR,5.0210814559141035,2.458312622674825,0.9635616220227764,4.814688209514109
feature_noise_sigma,0.0,3,Baseline,5.0210814559141035,2.458312622674825,0.9635616220227764,4.814688209514109
feature_noise_sigma,0.1,3,ACFP-QR,5.038587441918028,2.4801989837200953,0.963307094490871,4.858134179024395
feature_noise_sigma,0.1,3,Baseline,5.038587441918028,2.4801989837200953,0.963307094490871,4.858134179024395
feature_noise_sigma,0.25,3,ACFP-QR,5.1704126333144105,2.5541404463872612,0.9613619757408479,5.013006816388275
feature_noise_sigma,0.25,3,Baseline,5.1704126333144105,2.5541404463872612,0.9613619757408479,5.013006816388275
feature_noise_sigma,0.5,3,ACFP-QR,5.4747412226681975,2.7283411190705578,0.9566796761461666,5.375368283472137
feature_noise_sigma,0.5,3,Baseline,5.4747412226681975,2.7283411190705578,0.9566796761461666,5.375368283472137
feature_noise_sigma,1.0,3,ACFP-QR,5.92499347030215,3.1705417695161056,0.9492611926261906,6.51773029426612
feature_noise_sigma,1.0,3,Baseline,5.92499347030215,3.1705417695161056,0.9492611926261906,6.51773029426612
missing_data_frac,0.0,3,ACFP-QR,5.0210814559141035,2.458312622674825,0.9635616220227764,4.814688209514109
missing_data_frac,0.0,3,Baseline,5.0210814559141035,2.458312622674825,0.9635616220227764,4.814688209514109
missing_data_frac,0.1,3,ACFP-QR,9.489422704133027,3.5577063954022603,0.8698500253298905,7.314064542869591
missing_data_frac,0.1,3,Baseline,9.489422704133027,3.5577063954022603,0.8698500253298905,7.314064542869591
missing_data_frac,0.25,3,ACFP-QR,13.583530558833404,5.3534775575201605,0.733320377957162,11.311241352889521
missing_data_frac,0.25,3,Baseline,13.583530558833404,5.3534775575201605,0.733320377957162,11.311241352889521
missing_data_frac,0.5,3,ACFP-QR,18.179841235197458,8.228837024769202,0.5223116220761326,18.19019892225611
missing_data_frac,0.5,3,Baseline,18.179841235197458,8.228837024769202,0.5223116220761326,18.19019892225611
gate_misclassification_rate,0.0,3,ACFP-QR,6.512910978289806,3.074900022659122,0.9386923334227086,6.050387015978076
gate_misclassification_rate,0.0,3,Baseline,7.204973900762273,3.488736215993764,0.9249709708900772,7.039949352242729
gate_misclassification_rate,0.1,3,ACFP-QR,6.682394711918555,3.2122929091885215,0.9354600310487917,6.367689037861533
gate_misclassification_rate,0.1,3,Baseline,7.204973900762273,3.488736215993764,0.9249709708900772,7.039949352242729
gate_misclassification_rate,0.2,3,ACFP-QR,6.817993065796326,3.365113965323483,0.9328141813906731,6.761659273006631
gate_misclassification_rate,0.2,3,Baseline,7.204973900762273,3.488736215993764,0.9249709708900772,7.039949352242729
gate_misclassification_rate,0.3,3,ACFP-QR,6.988079329847484,3.514109585669288,0.9294202434951655,7.061506864798192
gate_misclassification_rate,0.3,3,Baseline,7.204973900762273,3.488736215993764,0.9249709708900772,7.039949352242729
gate_misclassification_rate,0.4,3,ACFP-QR,7.253106903818779,3.664043846132379,0.9239651558883384,7.473651082823933
gate_misclassification_rate,0.4,3,Baseline,7.204973900762273,3.488736215993764,0.9249709708900772,7.039949352242729
unknown_attack_shape,1.0,3,ACFP-QR,5.671176929633585,2.86097597808106,0.9535152075766441,5.7097785728438994
unknown_attack_shape,1.0,3,Baseline,5.716456473709376,2.9011064503016315,0.9527699609384481,5.702556554034285
attack_strength,0.5,4,ACFP-QR,5.766813442353622,2.8950656057930524,0.9519341854026464,5.7769886894830424
attack_strength,0.5,4,Baseline,6.179057971947996,3.106648107536198,0.9448165253836197,6.196101000813249
attack_strength,1.0,4,ACFP-QR,6.097884422906744,3.0438837279630993,0.9462568794240496,6.0810435589396405
attack_strength,1.0,4,Baseline,7.075870787469941,3.584112691235308,0.9276357125645127,7.280612217165528
attack_strength,1.5,4,ACFP-QR,6.558878293348276,3.249741724476812,0.9378238757065479,6.52299642168777
attack_strength,1.5,4,Baseline,8.04620503948981,4.016468645173709,0.9064278316541099,8.299846074815884
attack_strength,2.0,4,ACFP-QR,7.082842170795698,3.464005538316222,0.9274930509142911,6.993158491236502
attack_strength,2.0,4,Baseline,9.031543469559658,4.399731732731537,0.8821068814876312,9.199285999217176
attack_strength,3.0,4,ACFP-QR,7.953487900732063,3.827388673855791,0.9085718878867058,7.786516221620649
attack_strength,3.0,4,Baseline,10.521078729835482,4.997366519680091,0.8400128714973747,10.587306284204436
contamination_fraction,0.1,4,ACFP-QR,5.83906176379019,2.772739875618328,0.950722275984288,5.418566814785965
contamination_fraction,0.1,4,Baseline,6.244252154609066,3.037292522458041,0.9436459195759737,6.021893343185277
contamination_fraction,0.2,4,ACFP-QR,6.150178114786902,3.0245114766468757,0.9453311561098282,5.978018055681891
contamination_fraction,0.2,4,Baseline,7.053294187092547,3.5328403056372593,0.9280967535601671,7.145772847727263
contamination_fraction,0.3,4,ACFP-QR,6.936983239238292,3.3412773368377433,0.9304486133352993,6.532924666478858
contamination_fraction,0.3,4,Baseline,7.875755959604992,4.059686001327068,0.9103502663304798,8.228125226247258
contamination_fraction,0.4,4,ACFP-QR,7.70320142132174,3.737071254692413,0.9142356085551147,7.292570358321471
contamination_fraction,0.4,4,Baseline,8.695307658357788,4.653973891845553,0.8907215796764345,9.483746863377513
feature_noise_sigma,0.0,4,ACFP-QR,5.058475812935639,2.4753345306541843,0.9630168534700794,4.850973775115302
feature_noise_sigma,0.0,4,Baseline,5.058475812935639,2.4753345306541843,0.9630168534700794,4.850973775115302
feature_noise_sigma,0.1,4,ACFP-QR,5.070597134716007,2.4884437788783167,0.9628394001284435,4.8724788438342985
feature_noise_sigma,0.1,4,Baseline,5.070597134716007,2.4884437788783167,0.9628394001284435,4.8724788438342985
feature_noise_sigma,0.25,4,ACFP-QR,5.151571156518214,2.5420374232116765,0.9616430639413516,4.999294253956088
feature_noise_sigma,0.25,4,Baseline,5.151571156518214,2.5420374232116765,0.9616430639413516,4.999294253956088
feature_noise_sigma,0.5,4,ACFP-QR,5.382285721968074,2.7456856964065883,0.9581304782384868,5.441877793201306
feature_noise_sigma,0.5,4,Baseline,5.382285721968074,2.7456856964065883,0.9581304782384868,5.441877793201306
feature_noise_sigma,1.0,4,ACFP-QR,5.984429908132343,3.149550665282021,0.9482381163582557,6.3961191554468275
feature_noise_sigma,1.0,4,Baseline,5.984429908132343,3.149550665282021,0.9482381163582557,6.3961191554468275
missing_data_frac,0.0,4,ACFP-QR,5.058475812935639,2.4753345306541843,0.9630168534700794,4.850973775115302
missing_data_frac,0.0,4,Baseline,5.058475812935639,2.4753345306541843,0.9630168534700794,4.850973775115302
missing_data_frac,0.1,4,ACFP-QR,8.752046469579941,3.5838685527593306,0.8892907948986071,7.384908409665407
missing_data_frac,0.1,4,Baseline,8.752046469579941,3.5838685527593306,0.8892907948986071,7.384908409665407
missing_data_frac,0.25,4,ACFP-QR,14.509143811876987,5.624561858670389,0.6957377493601873,11.82857373152126
missing_data_frac,0.25,4,Baseline,14.509143811876987,5.624561858670389,0.6957377493601873,11.82857373152126
missing_data_frac,0.5,4,ACFP-QR,17.97707463171115,8.201632534515788,0.5329078747999614,17.89985071270648
missing_data_frac,0.5,4,Baseline,17.97707463171115,8.201632534515788,0.5329078747999614,17.89985071270648
gate_misclassification_rate,0.0,4,ACFP-QR,6.097884422906744,3.0438837279630993,0.9462568794240496,6.0810435589396405
gate_misclassification_rate,0.0,4,Baseline,7.075870787469941,3.584112691235308,0.9276357125645127,7.280612217165528
gate_misclassification_rate,0.1,4,ACFP-QR,6.347010409355655,3.1879332741150335,0.941775881270706,6.409293293144359
gate_misclassification_rate,0.1,4,Baseline,7.075870787469941,3.584112691235308,0.9276357125645127,7.280612217165528
gate_misclassification_rate,0.2,4,ACFP-QR,6.661759647108433,3.413875266252732,0.9358580111856009,6.8843170066605595
gate_misclassification_rate,0.2,4,Baseline,7.075870787469941,3.584112691235308,0.9276357125645127,7.280612217165528
gate_misclassification_rate,0.3,4,ACFP-QR,6.919703228488424,3.5133341534828246,0.9307946864816586,7.108206186006871
gate_misclassification_rate,0.3,4,Baseline,7.075870787469941,3.584112691235308,0.9276357125645127,7.280612217165528
gate_misclassification_rate,0.4,4,ACFP-QR,7.123877428768922,3.711954749926592,0.9266504625071981,7.524691848882059
gate_misclassification_rate,0.4,4,Baseline,7.075870787469941,3.584112691235308,0.9276357125645127,7.280612217165528
unknown_attack_shape,1.0,4,ACFP-QR,5.841354894704012,2.911455653589625,0.9506835634425306,5.757489059620351
unknown_attack_shape,1.0,4,Baseline,5.692462966515301,2.923527703503741,0.9531656032684297,5.790137613326027
