model,n,mean,std,median,ci95_lo,ci95_hi
Transformer,10,2.756122968237856,4.671313036994508,2.9173070789402984,-0.5855330728095316,6.097779009285244
SVR,1,5.446129285072913,0.0,5.446129285072913,,
TCN,10,6.305572333487796,2.1287889516010168,6.07267423787218,4.78272845556833,7.828416211407262
"ACFP-QR (proposed, FINAL)",10,7.182075212597655,0.6316905598170306,7.295577857161644,6.730191008184902,7.633959417010408
B_GBM+Res-GRU,10,7.319271113094118,0.979383297201961,7.204387686660415,6.618662507831064,8.01987971835717
GRU,10,7.988938949247948,2.4821368032410613,7.441857473116398,6.213325245441633,9.764552653054263
D_QR-GBM,10,8.233617628415548,0.8857710266983492,8.373878608246084,7.599975207342501,8.867260049488594
Baseline-attack-agnostic-GBM,10,8.233617628415548,0.8857710266983492,8.373878608246084,7.599975207342501,8.867260049488594
CatBoost,10,8.314803782477268,0.8485867540122078,8.36395190266017,7.707761387664407,8.92184617729013
LightGBM,10,8.679317171290872,1.0231216912315957,8.697188366594212,7.947420003801881,9.411214338779864
XGBoost,10,8.786476200511213,1.1302915605337565,8.543247885294111,7.977914326903052,9.595038074119374
HistGradientBoosting,10,9.386341291419502,1.0511041127462482,9.239362513738099,8.634426705453727,10.138255877385276
Ridge,1,10.130909371882952,0.0,10.130909371882952,,
GradientBoosting,10,10.210195628686472,0.9132848993542423,10.284566500997112,9.556870968798549,10.863520288574396
LinearRegression,1,10.295316975860606,0.0,10.295316975860606,,
MLP,10,10.834905233295812,2.6213409850185205,11.446148606813079,8.959710856712535,12.710099609879089
ExtraTrees,10,12.058524153214195,1.1011618025962193,12.217018879068373,11.27080045311642,12.84624785331197
RandomForest,10,12.506013465521125,1.1285245139777265,12.682986238585215,11.698715660870024,13.313311270172226
kNN,1,14.990937318847656,0.0,14.990937318847656,,
