benchmark,n_pairs,mean_diff_final_minus_bench,diff_ci95_lo,diff_ci95_hi,wilcoxon_stat,p_value,effect_size_rank_biserial,final_wins_pct,holm_threshold,significant_holm_0.05
RandomForest,10,-5.323938252923471,-5.96223564209042,-4.736649078782954,0.0,0.001953125,-1.0,100.0,0.004545454545454546,True
ExtraTrees,10,-4.87644894061654,-5.480446352875892,-4.326928135931174,0.0,0.001953125,-1.0,100.0,0.005,True
GradientBoosting,10,-3.028120416088817,-3.564964398115581,-2.584334617353711,0.0,0.001953125,-1.0,100.0,0.005555555555555556,True
HistGradientBoosting,10,-2.2042660788218464,-2.889822361067114,-1.5919451662592188,0.0,0.001953125,-1.0,100.0,0.00625,True
XGBoost,10,-1.604400987913559,-2.251826144925049,-1.0481352725803204,0.0,0.001953125,-1.0,100.0,0.0071428571428571435,True
LightGBM,10,-1.497241958693217,-2.114057476727048,-0.9465753525263181,0.0,0.001953125,-1.0,100.0,0.008333333333333333,True
CatBoost,10,-1.1327285698796143,-1.6899239761911284,-0.6894565426893654,0.0,0.001953125,-1.0,100.0,0.01,True
MLP,10,-3.6528300206981577,-5.194376430454373,-2.1455257481974517,1.0,0.00390625,-0.9636363636363636,90.0,0.0125,True
Transformer,10,4.4259522443598,1.432522928510217,7.316540549113907,7.0,0.037109375,0.7454545454545455,20.0,0.016666666666666666,False
TCN,10,0.876502879109859,-0.2627719788265617,2.1103139058635083,16.0,0.275390625,0.41818181818181815,40.0,0.025,False
GRU,10,-0.8068637366502924,-2.3463899472763377,0.4754663627797578,18.0,0.375,-0.34545454545454546,70.0,0.05,False
